content,TAB,TXT,IMG,HDR,TABs,TXTs,IMGs,HDRs,TAB_N,TXT_N,IMG_N,HDR_N,H_line,V_line,Form,Manuscript,Gallery,Front,FILE,PAGE,Category_ID,Category
0.0,0.0,0.0,0.0,0.0,False,False,False,False,0,0,0,0,True,True,False,False,False,False,CTX192601320,1,3,Table
0.0,0.0,0.0,0.0,0.0,False,False,False,False,0,0,0,0,False,True,False,False,False,False,CTX192901243,1,10,Neither
0.0,0.0,0.0,0.0,0.0,False,False,False,False,0,0,0,0,True,True,False,False,False,False,CTX192901243,2,3,Table
0.35,0.0,0.68,0.32,0.0,False,True,True,False,0,24,1,0,True,True,False,False,False,False,CTX192901243,3,5,Gallery
1.23,0.76,0.0,0.24,0.0,True,True,True,False,2,1,1,0,True,True,True,False,False,False,CTX192901243,4,2,Form-figure
0.85,0.0,0.0,1.0,0.0,False,False,True,False,0,0,1,0,True,True,False,False,True,False,CTX193000229,1,5,Gallery
0.0,0.0,0.0,0.0,0.0,False,False,False,False,0,0,0,0,True,True,False,False,False,False,CTX193000229,2,3,Table
0.0,0.0,0.0,0.0,0.0,False,False,False,False,0,0,0,0,True,True,False,False,False,False,CTX193000229,3,3,Table
0.0,0.0,0.0,0.0,0.0,False,False,False,False,0,0,0,0,True,True,False,False,False,False,CTX193102237,1,3,Table
0.0,0.0,0.0,0.0,0.0,False,False,False,False,0,0,0,0,True,True,False,False,False,False,CTX193102237,2,3,Table
0.0,0.0,0.0,0.0,0.0,False,False,False,False,0,0,0,0,True,True,False,False,False,False,CTX193102237,3,3,Table
0.0,0.0,0.0,0.0,0.0,False,False,False,False,0,0,0,0,True,True,False,False,False,False,CTX193102237,4,3,Table
0.0,0.0,0.0,0.0,0.0,False,False,False,False,0,0,0,0,True,True,False,False,False,False,CTX193102237,5,3,Table
0.0,0.0,0.0,0.0,0.0,False,False,False,False,0,0,0,0,True,True,False,False,False,False,CTX193102237,6,3,Table
0.0,0.0,0.0,0.0,0.0,False,False,False,False,0,0,0,0,True,True,False,False,False,False,CTX193102237,7,3,Table
0.0,0.0,0.0,0.0,0.0,False,False,False,False,0,0,0,0,True,True,False,False,False,False,CTX193102237,8,3,Table
0.0,0.0,0.0,0.0,0.0,False,False,False,False,0,0,0,0,True,True,False,False,False,False,CTX193102237,9,3,Table
0.0,0.0,0.0,0.0,0.0,False,False,False,False,0,0,0,0,True,True,False,False,False,False,CTX194003463,1,3,Table
0.38,0.0,0.77,0.23,0.0,False,True,True,False,0,6,1,0,True,True,False,False,False,False,CTX194004617,1,5,Gallery
0.0,0.0,0.0,0.0,0.0,False,False,False,False,0,0,0,0,True,True,False,False,False,False,CTX194103705,1,3,Table
0.0,0.0,0.0,0.0,0.0,False,False,False,False,0,0,0,0,False,True,False,False,False,False,CTX194103705,2,10,Neither
0.0,0.0,0.0,0.0,0.0,False,False,False,False,0,0,0,0,True,False,False,False,False,False,CTX194103705,3,1,Form
0.5,0.0,0.52,0.47,0.01,False,True,True,True,0,16,1,1,True,True,False,False,False,False,CTX194300428,1,5,Gallery
0.08,0.0,1.0,0.0,0.0,False,True,False,False,0,3,0,0,False,True,False,False,False,False,CTX194401342,1,9,Mixed
0.31,0.0,0.53,0.47,0.0,False,True,True,False,0,4,1,0,False,True,False,False,False,False,CTX194501522,1,5,Gallery
0.65,1.0,0.0,0.0,0.0,True,True,False,False,1,1,0,0,True,True,True,False,False,False,CTX194600790,1,1,Form
0.0,0.0,0.0,0.0,0.0,False,False,False,False,0,0,0,0,True,True,False,False,False,False,CTX194604301,1,3,Table
0.0,0.0,0.0,0.0,0.0,False,False,False,False,0,0,0,0,True,True,False,False,False,False,CTX194604301,10,3,Table
0.0,0.0,0.0,0.0,0.0,False,False,False,False,0,0,0,0,True,True,False,False,False,False,CTX194604301,11,3,Table
0.75,0.0,0.0,1.0,0.0,False,False,True,False,0,0,1,0,True,True,False,False,True,False,CTX194604301,12,5,Gallery
0.89,0.0,0.0,1.0,0.0,False,False,True,False,0,0,1,0,True,True,False,False,True,False,CTX194604301,13,5,Gallery
0.88,0.0,0.0,1.0,0.0,False,False,True,False,0,0,1,0,True,True,False,False,True,False,CTX194604301,14,5,Gallery
0.85,0.0,0.0,1.0,0.0,False,False,True,False,0,0,1,0,True,True,False,False,True,False,CTX194604301,15,5,Gallery
0.76,0.0,0.0,1.0,0.0,False,False,True,False,0,0,1,0,True,True,False,False,True,False,CTX194604301,16,5,Gallery
0.88,0.98,0.02,0.0,0.0,True,True,False,False,1,1,0,0,True,True,True,False,False,False,CTX194604301,17,1,Form
0.87,0.99,0.01,0.0,0.0,True,True,False,False,1,1,0,0,True,True,True,False,False,False,CTX194604301,18,1,Form
0.83,0.0,0.0,1.0,0.0,False,False,True,False,0,0,1,0,True,True,False,False,True,False,CTX194604301,19,5,Gallery
0.0,0.0,0.0,0.0,0.0,False,False,False,False,0,0,0,0,True,True,False,False,False,False,CTX194604301,2,3,Table
0.88,0.0,0.0,1.0,0.0,False,False,True,False,0,0,1,0,True,True,False,False,True,False,CTX194604301,20,5,Gallery
0.85,0.0,0.03,0.97,0.0,False,True,True,False,0,1,1,0,True,True,False,False,True,False,CTX194604301,21,5,Gallery
0.86,0.98,0.02,0.0,0.0,True,True,False,False,1,1,0,0,True,True,True,False,False,False,CTX194604301,22,1,Form
0.85,0.0,0.03,0.97,0.0,False,True,True,False,0,1,1,0,True,True,False,False,True,False,CTX194604301,23,5,Gallery
0.85,0.98,0.02,0.0,0.0,True,True,False,False,1,1,0,0,True,True,True,False,False,False,CTX194604301,24,1,Form
0.0,0.0,0.0,0.0,0.0,False,False,False,False,0,0,0,0,True,True,False,False,False,False,CTX194604301,25,3,Table
0.0,0.0,0.0,0.0,0.0,False,False,False,False,0,0,0,0,True,False,False,False,False,False,CTX194604301,26,1,Form
0.83,0.86,0.0,0.14,0.0,True,False,True,False,2,0,1,0,True,True,True,False,False,False,CTX194604301,27,2,Form-figure
1.4,0.98,0.02,0.0,0.0,True,True,False,False,2,2,0,0,True,False,True,False,False,False,CTX194604301,28,1,Form
1.2,0.74,0.03,0.23,0.0,True,True,True,False,2,1,1,0,False,True,True,False,False,False,CTX194604301,29,2,Form-figure
0.57,0.0,1.0,0.0,0.0,False,True,False,True,0,6,0,1,True,False,False,True,False,False,CTX194604301,3,4,Text-body
0.0,0.0,0.0,0.0,0.0,False,False,False,False,0,0,0,0,True,False,False,False,False,False,CTX194604301,30,1,Form
0.42,0.0,0.0,1.0,0.0,False,False,True,False,0,0,2,0,False,False,False,False,False,False,CTX194604301,31,5,Gallery
0.0,0.0,0.0,0.0,0.0,False,False,False,False,0,0,0,0,False,False,False,False,False,False,CTX194604301,32,10,Neither
0.66,0.0,0.04,0.96,0.0,False,True,True,False,0,2,1,0,True,False,False,False,True,False,CTX194604301,33,5,Gallery
0.88,0.0,0.0,1.0,0.0,False,False,True,False,0,0,1,0,False,False,False,False,True,False,CTX194604301,34,5,Gallery
0.0,0.0,0.0,0.0,0.0,False,False,False,False,0,0,0,0,True,False,False,False,False,False,CTX194604301,35,1,Form
0.27,0.0,0.02,0.98,0.0,False,True,True,False,0,1,1,0,True,False,False,False,False,False,CTX194604301,36,5,Gallery
0.8,0.0,0.0,1.0,0.0,False,False,True,False,0,0,1,0,False,True,False,False,True,False,CTX194604301,37,5,Gallery
1.88,0.87,0.0,0.13,0.0,True,False,True,True,6,0,2,1,False,True,True,False,False,False,CTX194604301,38,2,Form-figure
1.42,0.98,0.02,0.0,0.0,True,True,False,False,2,2,0,0,False,False,True,False,False,False,CTX194604301,39,1,Form
0.11,0.0,1.0,0.0,0.0,False,True,False,False,0,1,0,0,True,True,False,False,False,False,CTX194604301,4,3,Table
0.29,0.0,0.02,0.98,0.0,False,True,True,False,0,1,2,0,False,False,False,False,False,False,CTX194604301,40,5,Gallery
0.73,0.0,0.12,0.88,0.0,False,True,True,False,0,1,1,0,True,False,False,False,True,False,CTX194604301,41,5,Gallery
0.64,0.0,0.01,0.99,0.0,False,True,True,False,0,1,4,0,True,False,False,False,True,False,CTX194604301,42,5,Gallery
1.4,0.98,0.02,0.0,0.0,True,True,False,False,2,2,0,0,True,True,True,False,False,False,CTX194604301,43,1,Form
0.88,0.0,0.0,1.0,0.0,False,False,True,False,0,0,1,0,False,False,False,False,True,False,CTX194604301,44,5,Gallery
0.79,0.0,0.0,1.0,0.0,False,False,True,False,0,0,1,0,True,False,False,False,True,False,CTX194604301,45,5,Gallery
0.0,0.0,0.0,0.0,0.0,False,False,False,False,0,0,0,0,True,True,False,False,False,False,CTX194604301,46,3,Table
0.82,0.0,0.0,1.0,0.0,False,False,True,False,0,0,1,0,True,False,False,False,True,False,CTX194604301,47,5,Gallery
0.0,0.0,0.0,0.0,0.0,False,False,False,False,0,0,0,0,True,True,False,False,False,False,CTX194604301,48,3,Table
0.07,0.0,0.97,0.0,0.03,False,True,False,True,0,4,0,1,False,False,False,False,False,False,CTX194604301,49,8,Headers-text
0.67,0.0,1.0,0.0,0.0,False,True,False,False,0,3,0,0,True,True,False,True,False,False,CTX194604301,5,4,Text-body
0.0,0.0,0.0,0.0,0.0,False,False,False,False,0,0,0,0,True,False,False,False,False,False,CTX194604301,50,1,Form
0.74,0.0,0.0,1.0,0.0,False,False,True,False,0,0,2,0,True,False,False,False,True,False,CTX194604301,51,5,Gallery
0.03,0.0,1.0,0.0,0.0,False,True,False,False,0,2,0,0,True,False,False,False,False,False,CTX194604301,52,1,Form
0.81,0.0,0.0,1.0,0.0,False,False,True,False,0,0,1,0,True,True,False,False,True,False,CTX194604301,53,5,Gallery
0.0,0.0,0.0,0.0,0.0,False,False,False,False,0,0,0,0,True,False,False,False,False,False,CTX194604301,54,1,Form
0.05,0.0,0.98,0.0,0.02,False,True,False,True,0,3,0,1,True,False,False,False,False,False,CTX194604301,55,8,Headers-text
0.0,0.0,0.0,0.0,0.0,False,False,False,False,0,0,0,0,False,False,False,False,False,False,CTX194604301,56,10,Neither
0.82,0.0,0.0,1.0,0.0,False,False,True,False,0,0,1,0,True,True,False,False,True,False,CTX194604301,57,5,Gallery
0.0,0.0,0.0,0.0,0.0,False,False,False,False,0,0,0,0,True,True,False,False,False,False,CTX194604301,58,3,Table
0.67,0.0,0.0,1.0,0.0,False,False,True,False,0,0,1,0,True,False,False,False,True,False,CTX194604301,59,5,Gallery
0.68,0.0,1.0,0.0,0.0,False,True,False,False,0,5,0,0,True,True,False,True,False,False,CTX194604301,6,4,Text-body
0.88,0.99,0.01,0.0,0.0,True,True,False,False,1,1,0,0,True,False,True,False,False,False,CTX194604301,60,1,Form
0.0,0.0,0.0,0.0,0.0,False,False,False,False,0,0,0,0,True,True,False,False,False,False,CTX194604301,7,3,Table
0.0,0.0,0.0,0.0,0.0,False,False,False,False,0,0,0,0,True,True,False,False,False,False,CTX194604301,8,3,Table
0.82,0.99,0.01,0.0,0.0,True,True,False,False,1,1,0,0,True,True,True,False,False,False,CTX194604301,9,1,Form
0.86,1.0,0.0,0.0,0.0,True,True,False,False,1,1,0,0,False,False,True,False,False,False,CTX195105285,1,1,Form
0.45,0.0,0.01,0.99,0.0,False,True,True,False,0,1,2,0,True,False,False,False,False,False,CTX195105285,2,5,Gallery
0.84,1.0,0.0,0.0,0.0,True,False,False,True,1,0,0,1,True,True,True,False,False,False,CTX195204980,1,1,Form
0.0,0.0,0.0,0.0,0.0,False,False,False,False,0,0,0,0,True,True,False,False,False,False,CTX195600870,1,3,Table
0.61,0.0,1.0,0.0,0.0,False,True,False,False,0,8,0,0,True,True,False,True,False,False,CTX195600870,10,4,Text-body
0.65,0.0,0.92,0.08,0.0,False,True,True,False,0,7,1,0,True,True,False,True,False,False,CTX195600870,11,4,Text-body
0.71,0.0,0.87,0.13,0.0,False,True,True,False,0,7,1,0,True,True,False,True,False,False,CTX195600870,12,4,Text-body
0.51,0.0,1.0,0.0,0.0,False,True,False,False,0,9,0,0,True,True,False,True,False,False,CTX195600870,13,4,Text-body
0.46,0.0,0.58,0.41,0.01,False,True,True,True,0,8,2,1,False,True,False,False,False,False,CTX195600870,14,5,Gallery
0.43,0.0,0.56,0.44,0.0,False,True,True,False,0,9,3,0,False,True,False,False,False,False,CTX195600870,15,5,Gallery
0.78,0.98,0.02,0.0,0.0,True,True,False,False,1,1,0,0,True,True,True,False,False,False,CTX195600870,2,1,Form
0.61,0.0,0.89,0.1,0.02,False,True,True,True,0,8,1,1,True,True,False,True,False,False,CTX195600870,3,4,Text-body
0.54,0.0,1.0,0.0,0.0,False,True,False,False,0,6,0,0,True,True,False,True,False,False,CTX195600870,4,4,Text-body
0.46,0.0,0.86,0.14,0.0,False,True,True,False,0,8,1,0,True,True,False,False,False,False,CTX195600870,5,5,Gallery
0.15,0.0,1.0,0.0,0.0,False,True,False,False,0,3,0,0,True,True,False,False,False,False,CTX195600870,6,3,Table
0.83,0.98,0.02,0.0,0.0,True,True,False,False,1,1,0,0,True,True,True,False,False,False,CTX195600870,7,1,Form
0.6,0.0,0.88,0.12,0.0,False,True,True,False,0,7,1,0,True,True,False,True,False,False,CTX195600870,8,4,Text-body
1.21,0.46,0.54,0.0,0.0,True,True,False,False,10,10,0,0,True,True,True,True,False,False,CTX195600870,9,4,Text-body
0.5,0.0,0.32,0.68,0.0,False,True,True,False,0,12,2,0,True,False,False,False,False,False,CTX195802521,1,5,Gallery
0.69,0.75,0.25,0.0,0.0,True,True,False,False,19,17,0,0,True,False,True,False,False,False,CTX197003412,1,7,Table-text
2.05,0.99,0.01,0.0,0.0,True,True,False,False,3,3,0,0,False,False,True,False,False,False,CTX197003412,2,1,Form
0.0,0.0,0.0,0.0,0.0,False,False,False,False,0,0,0,0,True,True,False,False,False,False,CTX197402976,1,3,Table
1.08,0.9,0.0,0.1,0.01,True,False,True,True,3,0,1,1,False,True,True,False,False,False,CTX197802841,1,2,Form-figure
0.65,0.0,0.61,0.39,0.0,False,True,True,False,0,3,1,0,True,True,False,False,False,False,CTX197904722,1,5,Gallery
0.6,0.0,1.0,0.0,0.0,False,True,False,False,0,5,0,0,True,True,False,True,False,False,CTX197904722,2,4,Text-body
0.23,0.0,0.93,0.07,0.0,False,True,True,False,0,5,1,0,True,False,False,False,False,False,CTX197904722,3,5,Gallery
0.74,0.96,0.04,0.0,0.0,True,True,False,False,1,1,0,0,True,True,True,False,False,False,CTX198402735,1,1,Form
3.96,0.98,0.02,0.0,0.0,True,True,False,False,6,6,0,0,True,True,True,False,False,False,CTX198402735,2,1,Form
5.93,0.98,0.02,0.0,0.0,True,True,False,False,10,10,0,0,True,True,True,False,False,False,CTX198402735,3,1,Form
0.0,0.0,0.0,0.0,0.0,False,False,False,False,0,0,0,0,True,True,False,False,False,False,CTX198402735,4,3,Table
1.18,0.83,0.17,0.0,0.0,True,True,False,True,2,1,0,1,True,True,True,False,False,False,CTX198602752,1,7,Table-text
0.16,0.0,0.61,0.32,0.07,False,True,True,True,0,1,1,3,True,False,False,False,False,False,CTX198602991,page,5,Gallery
0.34,0.0,0.44,0.55,0.01,False,True,True,True,0,12,1,1,True,False,False,False,False,False,CTX198701686,1,5,Gallery
0.0,0.0,1.0,0.0,0.0,False,True,False,False,0,1,0,0,True,False,False,False,False,False,CTX198702238A,1,1,Form
2.31,0.98,0.02,0.0,0.0,True,True,False,True,4,3,0,1,True,True,True,False,False,False,CTX198702238A,10,1,Form
1.83,0.97,0.03,0.0,0.0,True,True,False,False,3,3,0,0,True,True,True,False,False,False,CTX198702238A,11,1,Form
0.0,0.0,0.0,0.0,0.0,False,False,False,False,0,0,0,0,True,True,False,False,False,False,CTX198702238A,12,3,Table
0.0,0.0,0.0,0.0,0.0,False,False,False,False,0,0,0,0,True,False,False,False,False,False,CTX198702238A,13,1,Form
0.05,0.0,1.0,0.0,0.0,False,True,False,False,0,3,0,0,False,True,False,False,False,False,CTX198702238A,14,9,Mixed
2.28,0.98,0.02,0.0,0.0,True,True,False,True,4,3,0,1,True,True,True,False,False,False,CTX198702238A,15,1,Form
1.84,0.98,0.02,0.0,0.0,True,True,False,True,3,2,0,1,True,True,True,False,False,False,CTX198702238A,16,1,Form
0.04,0.0,0.97,0.0,0.03,False,True,False,True,0,3,0,1,True,True,False,False,False,False,CTX198702238A,17,8,Headers-text
0.0,0.0,0.0,0.0,0.0,False,False,False,False,0,0,0,0,True,True,False,False,False,False,CTX198702238A,18,3,Table
0.06,0.0,1.0,0.0,0.0,False,True,False,False,0,4,0,0,False,True,False,False,False,False,CTX198702238A,19,9,Mixed
0.27,0.0,1.0,0.0,0.0,False,True,False,False,0,24,0,0,True,True,False,False,False,False,CTX198702238A,2,3,Table
0.04,0.0,1.0,0.0,0.0,False,True,False,False,0,3,0,0,True,True,False,False,False,False,CTX198702238A,20,3,Table
0.06,0.0,0.89,0.0,0.11,False,True,False,True,0,3,0,1,True,True,False,False,False,False,CTX198702238A,21,8,Headers-text
0.0,0.0,0.0,0.0,1.0,False,False,False,True,0,0,0,1,False,False,False,False,False,False,CTX198702238A,22,9,Mixed
0.76,0.21,0.01,0.79,0.0,True,True,True,False,3,2,1,0,True,True,False,False,True,False,CTX198702238A,23,2,Form-figure
0.83,1.0,0.0,0.0,0.0,True,False,False,True,1,0,0,1,True,True,True,False,False,False,CTX198702238A,24,1,Form
0.0,0.0,0.0,0.0,0.0,False,False,False,False,0,0,0,0,False,False,False,False,False,False,CTX198702238A,25,10,Neither
0.33,0.0,1.0,0.0,0.0,False,True,False,False,0,29,0,0,True,True,False,False,False,False,CTX198702238A,3,3,Table
0.32,0.0,1.0,0.0,0.0,False,True,False,False,0,29,0,0,True,False,False,False,False,False,CTX198702238A,4,1,Form
0.29,0.0,1.0,0.0,0.0,False,True,False,False,0,26,0,0,True,False,False,False,False,False,CTX198702238A,5,1,Form
0.19,0.0,1.0,0.0,0.0,False,True,False,False,0,21,0,0,True,False,False,False,False,False,CTX198702238A,6,1,Form
0.0,0.0,0.0,0.0,0.0,False,False,False,False,0,0,0,0,True,False,False,False,False,False,CTX198702238A,7,1,Form
0.15,0.0,0.96,0.0,0.04,False,True,False,True,0,14,0,1,True,False,False,False,False,False,CTX198702238A,8,8,Headers-text
0.8,1.0,0.0,0.0,0.0,True,False,False,True,1,0,0,1,True,True,True,False,False,False,CTX198702238A,9,1,Form
5.27,0.97,0.03,0.0,0.0,True,True,False,True,14,13,0,1,True,False,True,False,False,False,CTX198804439,1,1,Form
0.34,0.0,0.99,0.0,0.01,False,True,False,True,0,29,0,1,True,True,False,False,False,False,CTX198804439,2,8,Headers-text
0.28,0.0,1.0,0.0,0.0,False,True,False,False,0,23,0,0,True,False,False,False,False,False,CTX198804439,3,1,Form
0.25,0.0,1.0,0.0,0.0,False,True,False,False,0,5,0,0,True,False,False,False,False,False,CTX199004318,1,1,Form
0.0,0.0,0.0,0.0,0.0,False,False,False,False,0,0,0,0,False,False,False,False,False,False,CTX199400067,1,10,Neither
0.79,1.0,0.0,0.0,0.0,True,True,False,False,1,1,0,0,True,True,True,False,False,False,CTX199400067,2,1,Form
0.19,0.0,0.15,0.84,0.02,False,True,True,True,0,2,1,1,True,True,False,False,False,False,CTX199400067A,1,5,Gallery
0.29,0.0,1.0,0.0,0.0,False,True,False,False,0,26,0,0,True,True,False,False,False,False,CTX199400067A,10,3,Table
0.32,0.0,1.0,0.0,0.0,False,True,False,False,0,29,0,0,True,False,False,False,False,False,CTX199400067A,11,1,Form
0.35,0.0,1.0,0.0,0.0,False,True,False,False,0,29,0,0,True,False,False,False,False,False,CTX199400067A,12,1,Form
0.29,0.0,0.98,0.0,0.02,False,True,False,True,0,25,0,2,True,False,False,False,False,False,CTX199400067A,13,8,Headers-text
0.26,0.0,1.0,0.0,0.0,False,True,False,False,0,24,0,0,True,True,False,False,False,False,CTX199400067A,14,3,Table
0.31,0.0,1.0,0.0,0.0,False,True,False,False,0,29,0,0,True,False,False,False,False,False,CTX199400067A,15,1,Form
0.23,0.0,1.0,0.0,0.0,False,True,False,False,0,18,0,0,True,True,False,False,False,False,CTX199400067A,16,3,Table
0.57,0.0,0.22,0.78,0.0,False,True,True,False,0,5,1,0,True,True,False,False,False,False,CTX199400067A,17,5,Gallery
0.34,0.0,1.0,0.0,0.0,False,True,False,False,0,14,0,0,True,False,False,False,False,False,CTX199400067A,18,1,Form
0.23,0.0,0.99,0.0,0.01,False,True,False,True,0,12,0,1,True,False,False,False,False,False,CTX199400067A,19,8,Headers-text
0.0,0.0,0.0,0.0,0.0,False,False,False,False,0,0,0,0,False,False,False,False,False,False,CTX199400067A,2,10,Neither
0.22,0.0,0.97,0.0,0.03,False,True,False,True,0,2,0,2,True,False,False,False,False,False,CTX199400067A,20,8,Headers-text
0.03,0.0,1.0,0.0,0.0,False,True,False,False,0,3,0,0,True,False,False,False,False,False,CTX199400067A,21,1,Form
0.07,0.0,0.96,0.0,0.04,False,True,False,True,0,6,0,1,True,False,False,False,False,False,CTX199400067A,22,8,Headers-text
0.04,0.0,0.94,0.0,0.06,False,True,False,True,0,3,0,1,True,False,False,False,False,False,CTX199400067A,23,8,Headers-text
0.02,0.0,1.0,0.0,0.0,False,True,False,False,0,3,0,0,True,False,False,False,False,False,CTX199400067A,24,1,Form
0.09,0.0,0.97,0.0,0.03,False,True,False,True,0,6,0,1,True,False,False,False,False,False,CTX199400067A,25,8,Headers-text
0.15,0.0,0.97,0.0,0.03,False,True,False,True,0,11,0,2,True,False,False,False,False,False,CTX199400067A,26,8,Headers-text
0.01,0.0,1.0,0.0,0.0,False,True,False,False,0,2,0,0,True,False,False,False,False,False,CTX199400067A,27,1,Form
0.09,0.0,0.95,0.0,0.05,False,True,False,True,0,5,0,2,True,False,False,False,False,False,CTX199400067A,28,8,Headers-text
0.1,0.0,0.98,0.0,0.02,False,True,False,True,0,10,0,1,True,False,False,False,False,False,CTX199400067A,29,8,Headers-text
0.0,0.0,0.0,0.0,0.0,False,False,False,False,0,0,0,0,True,True,False,False,False,False,CTX199400067A,3,3,Table
0.56,0.0,0.07,0.93,0.0,False,True,True,False,0,2,2,0,True,False,False,False,True,False,CTX199400067A,30,5,Gallery
0.02,0.0,1.0,0.0,0.0,False,True,False,False,0,1,0,0,True,False,False,False,False,False,CTX199400067A,31,1,Form
0.24,0.0,0.96,0.0,0.04,False,True,False,True,0,20,0,2,True,False,False,False,False,False,CTX199400067A,32,8,Headers-text
1.72,0.97,0.03,0.0,0.0,True,True,False,False,3,3,0,0,True,False,True,False,False,False,CTX199400067A,33,1,Form
0.65,0.99,0.01,0.0,0.0,True,True,False,False,1,1,0,0,True,True,True,False,False,False,CTX199400067A,34,1,Form
0.39,0.0,0.0,1.0,0.0,False,False,True,False,0,0,2,0,True,False,False,False,False,False,CTX199400067A,35,5,Gallery
0.0,0.0,0.0,0.0,0.0,False,False,False,False,0,0,0,0,True,True,False,False,False,False,CTX199400067A,36,3,Table
0.03,0.0,1.0,0.0,0.0,False,True,False,False,0,1,0,0,True,True,False,False,False,False,CTX199400067A,37,3,Table
0.31,0.0,1.0,0.0,0.0,False,True,False,False,0,22,0,0,True,False,False,False,False,False,CTX199400067A,38,1,Form
0.27,0.0,1.0,0.0,0.0,False,True,False,False,0,24,0,0,True,False,False,False,False,False,CTX199400067A,39,1,Form
0.53,1.0,0.0,0.0,0.0,True,True,False,False,1,1,0,0,False,True,True,False,False,False,CTX199400067A,4,1,Form
0.0,0.0,1.0,0.0,0.0,False,True,False,False,0,1,0,0,True,False,False,False,False,False,CTX199400067A,40,1,Form
0.04,0.0,0.93,0.0,0.07,False,True,False,True,0,3,0,1,True,False,False,False,False,False,CTX199400067A,41,8,Headers-text
0.06,0.0,1.0,0.0,0.0,False,True,False,False,0,3,0,0,True,False,False,False,False,False,CTX199400067A,42,1,Form
0.07,0.0,0.93,0.0,0.07,False,True,False,True,0,5,0,2,True,False,False,False,False,False,CTX199400067A,43,8,Headers-text
0.01,0.0,0.72,0.0,0.28,False,True,False,True,0,1,0,1,True,False,False,False,False,False,CTX199400067A,44,8,Headers-text
0.03,0.0,0.91,0.0,0.09,False,True,False,True,0,5,0,1,True,False,False,False,False,False,CTX199400067A,45,8,Headers-text
0.18,0.0,0.96,0.0,0.04,False,True,False,True,0,4,0,3,True,False,False,False,False,False,CTX199400067A,46,8,Headers-text
0.02,0.0,1.0,0.0,0.0,False,True,False,False,0,4,0,0,True,False,False,False,False,False,CTX199400067A,47,1,Form
0.36,0.0,1.0,0.0,0.0,False,True,False,False,0,27,0,0,True,False,False,False,False,False,CTX199400067A,48,1,Form
4.02,0.98,0.02,0.0,0.0,True,True,False,False,9,9,0,0,True,True,True,False,False,False,CTX199400067A,49,1,Form
0.25,0.0,1.0,0.0,0.0,False,True,False,False,0,4,0,0,True,False,False,False,False,False,CTX199400067A,5,1,Form
0.08,0.0,1.0,0.0,0.0,False,True,False,False,0,2,0,0,True,False,False,False,False,False,CTX199400067A,50,1,Form
0.0,0.0,0.0,0.0,0.0,False,False,False,False,0,0,0,0,True,True,False,False,False,False,CTX199400067A,51,3,Table
0.0,0.0,0.0,0.0,0.0,False,False,False,False,0,0,0,0,True,False,False,False,False,False,CTX199400067A,52,1,Form
0.46,0.0,0.99,0.0,0.01,False,True,False,True,0,8,0,2,True,False,False,False,False,False,CTX199400067A,53,8,Headers-text
4.68,0.96,0.04,0.0,0.0,True,True,False,False,18,18,0,0,True,False,True,False,False,False,CTX199400067A,54,1,Form
0.21,0.0,0.99,0.0,0.01,False,True,False,True,0,8,0,1,True,False,False,False,False,False,CTX199400067A,55,8,Headers-text
0.11,0.0,0.99,0.0,0.01,False,True,False,True,0,4,0,1,True,True,False,False,False,False,CTX199400067A,56,8,Headers-text
0.3,0.0,0.97,0.0,0.03,False,True,False,True,0,5,0,3,True,False,False,False,False,False,CTX199400067A,57,8,Headers-text
0.13,0.0,0.93,0.0,0.07,False,True,False,True,0,13,0,4,True,False,False,False,False,False,CTX199400067A,58,8,Headers-text
0.24,0.0,1.0,0.0,0.0,False,True,False,False,0,14,0,0,True,False,False,False,False,False,CTX199400067A,59,1,Form
0.31,0.0,1.0,0.0,0.0,False,True,False,False,0,27,0,0,True,False,False,False,False,False,CTX199400067A,6,1,Form
2.29,0.99,0.01,0.0,0.0,True,True,False,False,4,3,0,0,True,False,True,False,False,False,CTX199400067A,60,1,Form
0.0,0.0,0.0,0.0,0.0,False,False,False,False,0,0,0,0,False,False,False,False,False,False,CTX199400067A,61,10,Neither
0.0,0.0,0.0,0.0,0.0,False,False,False,False,0,0,0,0,True,True,False,False,False,False,CTX199400067A,62,3,Table
0.31,0.0,0.98,0.0,0.02,False,True,False,True,0,26,0,1,True,True,False,False,False,False,CTX199400067A,63,8,Headers-text
0.24,0.0,1.0,0.0,0.0,False,True,False,False,0,24,0,0,True,False,False,False,False,False,CTX199400067A,64,1,Form
0.29,0.0,1.0,0.0,0.0,False,True,False,False,0,23,0,0,True,False,False,False,False,False,CTX199400067A,65,1,Form
2.94,0.99,0.01,0.0,0.0,True,True,False,True,6,4,0,1,True,False,True,False,False,False,CTX199400067A,66,1,Form
1.32,0.99,0.01,0.0,0.0,True,True,False,False,4,2,0,0,True,False,True,False,False,False,CTX199400067A,67,1,Form
0.63,0.99,0.01,0.0,0.0,True,True,False,False,1,1,0,0,True,True,True,False,False,False,CTX199400067A,68,1,Form
1.15,0.95,0.01,0.04,0.0,True,True,True,False,2,1,1,0,True,False,True,False,False,False,CTX199400067A,69,1,Form
0.26,0.0,0.97,0.0,0.03,False,True,False,True,0,23,0,2,True,False,False,False,False,False,CTX199400067A,7,8,Headers-text
0.25,0.0,1.0,0.0,0.0,False,True,False,False,0,23,0,0,True,False,False,False,False,False,CTX199400067A,8,1,Form
0.26,0.0,0.97,0.0,0.03,False,True,False,True,0,22,0,2,True,False,False,False,False,False,CTX199400067A,9,8,Headers-text
2.07,0.97,0.0,0.02,0.0,True,True,True,False,3,2,1,0,True,False,True,False,False,False,CTX199400067B,1,1,Form
0.69,0.99,0.01,0.0,0.0,True,True,False,False,1,1,0,0,True,False,True,False,False,False,CTX199400067B,10,1,Form
0.68,0.99,0.01,0.0,0.0,True,True,False,False,1,1,0,0,True,False,True,False,False,False,CTX199400067B,11,1,Form
0.7,0.99,0.01,0.0,0.0,True,True,False,False,1,1,0,0,True,False,True,False,False,False,CTX199400067B,12,1,Form
0.73,0.99,0.01,0.0,0.0,True,True,False,False,1,1,0,0,True,False,True,False,False,False,CTX199400067B,13,1,Form
1.37,0.99,0.01,0.0,0.0,True,True,False,False,2,2,0,0,True,False,True,False,False,False,CTX199400067B,14,1,Form
0.71,0.99,0.01,0.0,0.0,True,True,False,False,1,1,0,0,False,False,True,False,False,False,CTX199400067B,15,1,Form
0.74,0.99,0.01,0.0,0.0,True,True,False,False,1,1,0,0,True,True,True,False,False,False,CTX199400067B,16,1,Form
0.74,0.99,0.01,0.0,0.0,True,True,False,False,1,1,0,0,True,True,True,False,False,False,CTX199400067B,17,1,Form
0.65,0.99,0.01,0.0,0.0,True,True,False,False,1,1,0,0,False,True,True,False,False,False,CTX199400067B,18,1,Form
1.39,0.99,0.01,0.0,0.0,True,True,False,False,2,2,0,0,False,True,True,False,False,False,CTX199400067B,19,1,Form
0.74,0.99,0.01,0.0,0.0,True,True,False,False,1,1,0,0,True,False,True,False,False,False,CTX199400067B,2,1,Form
0.69,0.99,0.01,0.0,0.0,True,True,False,False,1,1,0,0,True,True,True,False,False,False,CTX199400067B,20,1,Form
0.46,0.99,0.01,0.0,0.0,True,True,False,False,1,1,0,0,True,True,False,False,False,False,CTX199400067B,21,1,Form
1.36,0.6,0.15,0.25,0.0,True,True,True,False,15,14,1,0,True,False,True,False,False,False,CTX199400067B,22,2,Form-figure
0.42,0.0,1.0,0.0,0.0,False,True,False,False,0,27,0,0,True,True,False,False,False,False,CTX199400067B,23,3,Table
1.84,0.94,0.06,0.0,0.0,True,True,False,False,6,3,0,0,True,True,True,False,False,False,CTX199400067B,24,1,Form
0.74,0.89,0.0,0.11,0.0,True,False,True,False,2,0,1,0,False,True,True,False,False,False,CTX199400067B,25,2,Form-figure
2.56,0.97,0.02,0.01,0.0,True,True,True,False,5,4,1,0,True,False,True,False,False,False,CTX199400067B,26,1,Form
0.93,0.95,0.01,0.04,0.0,True,True,True,False,2,1,1,0,True,True,True,False,False,False,CTX199400067B,27,1,Form
0.25,0.0,1.0,0.0,0.0,False,True,False,False,0,23,0,0,True,False,False,False,False,False,CTX199400067B,28,1,Form
0.48,0.0,1.0,0.0,0.0,False,True,False,False,0,13,0,0,True,False,False,False,False,False,CTX199400067B,29,1,Form
0.0,0.0,0.0,0.0,0.0,False,False,False,False,0,0,0,0,True,True,False,False,False,False,CTX199400067B,3,3,Table
0.53,0.0,1.0,0.0,0.0,False,True,False,False,0,10,0,0,True,True,False,True,False,False,CTX199400067B,30,4,Text-body
0.55,0.0,1.0,0.0,0.0,False,True,False,False,0,10,0,0,True,False,False,True,False,False,CTX199400067B,31,4,Text-body
0.56,0.0,1.0,0.0,0.0,False,True,False,False,0,10,0,0,True,True,False,True,False,False,CTX199400067B,32,4,Text-body
0.55,0.0,1.0,0.0,0.0,False,True,False,False,0,11,0,0,True,True,False,True,False,False,CTX199400067B,33,4,Text-body
0.49,0.0,1.0,0.0,0.0,False,True,False,False,0,12,0,0,True,True,False,False,False,False,CTX199400067B,34,3,Table
0.34,0.0,1.0,0.0,0.0,False,True,False,False,0,4,0,0,True,False,False,False,False,False,CTX199400067B,35,1,Form
0.54,0.0,1.0,0.0,0.0,False,True,False,False,0,5,0,0,True,True,False,True,False,False,CTX199400067B,36,4,Text-body
0.0,0.0,0.0,0.0,0.0,False,False,False,False,0,0,0,0,True,False,False,False,False,False,CTX199400067B,37,1,Form
0.41,0.0,1.0,0.0,0.0,False,True,False,False,0,17,0,0,True,False,False,False,False,False,CTX199400067B,38,1,Form
0.55,0.0,1.0,0.0,0.0,False,True,False,False,0,10,0,0,True,True,False,True,False,False,CTX199400067B,39,4,Text-body
0.71,0.99,0.01,0.0,0.0,True,True,False,False,1,1,0,0,True,True,True,False,False,False,CTX199400067B,4,1,Form
0.51,0.0,0.99,0.0,0.01,False,True,False,True,0,12,0,1,True,True,False,True,False,False,CTX199400067B,40,4,Text-body
0.53,0.0,1.0,0.0,0.0,False,True,False,False,0,10,0,0,True,False,False,True,False,False,CTX199400067B,41,4,Text-body
2.42,0.85,0.15,0.0,0.0,True,True,False,False,7,7,0,0,True,False,True,False,False,False,CTX199400067B,42,7,Table-text
0.02,0.0,0.87,0.0,0.13,False,True,False,True,0,2,0,1,False,False,False,False,False,False,CTX199400067B,43,8,Headers-text
1.18,0.98,0.02,0.0,0.0,True,True,False,False,5,5,0,0,False,True,True,False,False,False,CTX199400067B,44,1,Form
1.56,0.8,0.0,0.2,0.0,True,False,False,False,6,1,1,1,False,False,True,False,False,False,CTX199400067B,45,2,Form-figure
0.87,1.0,0.0,0.0,0.0,True,True,False,False,1,1,0,0,True,True,True,False,False,False,CTX199400067B,46,1,Form
0.13,0.0,0.14,0.86,0.0,False,True,True,False,0,4,1,0,True,True,False,False,False,False,CTX199400067B,47,5,Gallery
0.12,0.0,1.0,0.0,0.0,False,True,False,False,0,2,0,0,True,True,False,False,False,False,CTX199400067B,48,3,Table
0.0,0.0,0.0,0.0,0.0,False,False,False,False,0,0,0,0,True,False,False,False,False,False,CTX199400067B,5,1,Form
1.93,0.99,0.01,0.0,0.0,True,True,False,False,6,3,0,0,True,False,True,False,False,False,CTX199400067B,6,1,Form
0.74,0.99,0.01,0.0,0.0,True,True,False,False,1,1,0,0,True,False,True,False,False,False,CTX199400067B,7,1,Form
0.67,0.99,0.01,0.0,0.0,True,True,False,False,1,1,0,0,True,False,True,False,False,False,CTX199400067B,8,1,Form
1.32,0.99,0.01,0.0,0.0,True,True,False,False,2,2,0,0,True,False,True,False,False,False,CTX199400067B,9,1,Form
0.0,0.0,0.0,0.0,0.0,False,False,False,False,0,0,0,0,False,True,False,False,False,False,CTX199400067C,1,10,Neither
0.34,0.0,0.19,0.81,0.0,False,True,True,False,0,2,1,0,True,True,False,False,False,False,CTX199400067C,10,5,Gallery
0.73,0.0,0.06,0.94,0.0,False,True,True,True,0,1,1,1,True,True,False,False,True,False,CTX199400067C,11,5,Gallery
0.67,0.0,0.06,0.94,0.0,False,True,True,False,0,1,2,0,False,True,False,False,True,False,CTX199400067C,12,5,Gallery
0.73,0.0,0.05,0.95,0.0,False,True,True,False,0,1,1,0,True,True,False,False,True,False,CTX199400067C,13,5,Gallery
0.77,0.0,0.08,0.92,0.0,False,True,True,False,0,2,2,0,True,True,False,False,True,False,CTX199400067C,14,5,Gallery
0.73,0.0,0.06,0.94,0.0,False,True,True,False,0,1,2,0,False,True,False,False,True,False,CTX199400067C,15,5,Gallery
0.75,0.0,0.05,0.95,0.0,False,True,True,False,0,1,1,0,False,True,False,False,True,False,CTX199400067C,16,5,Gallery
0.72,0.0,0.06,0.94,0.0,False,True,True,False,0,1,1,0,True,True,False,False,True,False,CTX199400067C,17,5,Gallery
0.33,0.0,0.15,0.85,0.0,False,True,True,False,0,2,1,0,True,True,False,False,False,False,CTX199400067C,18,5,Gallery
0.71,0.0,0.04,0.96,0.0,False,True,True,False,0,1,2,0,True,True,False,False,True,False,CTX199400067C,19,5,Gallery
0.81,0.0,0.0,1.0,0.0,False,False,True,False,0,0,1,0,True,True,False,False,True,False,CTX199400067C,2,5,Gallery
0.65,0.0,0.05,0.95,0.0,False,True,True,False,0,1,2,0,True,True,False,False,True,False,CTX199400067C,20,5,Gallery
0.64,0.0,0.07,0.93,0.0,False,True,True,False,0,1,2,0,True,True,False,False,True,False,CTX199400067C,21,5,Gallery
0.71,0.0,0.07,0.93,0.0,False,True,True,False,0,1,1,0,True,True,False,False,True,False,CTX199400067C,22,5,Gallery
0.02,0.0,1.0,0.0,0.0,False,True,False,False,0,1,0,0,True,True,False,False,False,False,CTX199400067C,23,3,Table
0.65,0.0,0.1,0.9,0.0,False,True,True,False,0,2,2,0,True,True,False,False,True,False,CTX199400067C,24,5,Gallery
0.66,0.0,0.05,0.95,0.0,False,True,True,False,0,1,2,0,True,True,False,False,True,False,CTX199400067C,25,5,Gallery
0.29,0.0,0.26,0.74,0.0,False,True,True,False,0,3,1,0,True,True,False,False,False,False,CTX199400067C,26,5,Gallery
0.69,0.0,0.05,0.95,0.0,False,True,True,False,0,1,2,0,True,True,False,False,True,False,CTX199400067C,27,5,Gallery
0.81,0.0,0.0,1.0,0.0,False,False,True,False,0,0,1,0,False,False,False,False,True,False,CTX199400067C,3,5,Gallery
0.0,0.0,0.0,0.0,0.0,False,False,False,False,0,0,0,0,True,False,False,False,False,False,CTX199400067C,4,1,Form
0.62,0.0,0.1,0.9,0.0,False,True,True,False,0,2,2,0,True,True,False,False,True,False,CTX199400067C,5,5,Gallery
0.72,0.0,0.0,1.0,0.0,False,False,True,False,0,0,2,0,True,True,False,False,True,False,CTX199400067C,6,5,Gallery
0.29,0.0,0.27,0.73,0.0,False,True,True,False,0,2,1,0,False,True,False,False,False,False,CTX199400067C,7,5,Gallery
0.58,0.0,0.06,0.94,0.0,False,True,True,False,0,1,2,0,True,True,False,False,True,False,CTX199400067C,8,5,Gallery
0.86,0.0,0.0,1.0,0.0,False,False,True,False,0,0,1,0,False,True,False,False,True,False,CTX199400067C,9,5,Gallery
0.67,0.0,0.05,0.95,0.0,False,True,True,False,0,1,2,0,True,True,False,False,True,False,CTX199400067D,1,5,Gallery
0.53,0.0,0.08,0.92,0.0,False,True,True,False,0,1,1,0,False,True,False,False,False,False,CTX199400067D,10,5,Gallery
0.59,0.0,0.08,0.92,0.0,False,True,True,False,0,1,1,0,True,True,False,False,True,False,CTX199400067D,11,5,Gallery
0.34,0.74,0.26,0.0,0.0,True,True,False,False,1,1,0,0,True,True,False,False,False,False,CTX199400067D,12,7,Table-text
0.73,0.0,0.0,1.0,0.0,False,False,True,False,0,0,1,0,True,True,False,False,True,False,CTX199400067D,13,5,Gallery
0.61,0.0,0.06,0.94,0.0,False,True,True,False,0,2,1,0,True,False,False,False,True,False,CTX199400067D,14,5,Gallery
0.68,0.0,0.0,1.0,0.0,False,False,True,False,0,0,1,0,False,True,False,False,True,False,CTX199400067D,15,5,Gallery
0.72,0.0,0.06,0.94,0.0,False,True,True,False,0,1,1,0,False,False,False,False,True,False,CTX199400067D,16,5,Gallery
0.69,0.0,0.05,0.95,0.0,False,True,True,False,0,1,1,0,True,False,False,False,True,False,CTX199400067D,17,5,Gallery
0.66,0.0,0.04,0.96,0.0,False,True,True,False,0,1,1,0,False,True,False,False,True,False,CTX199400067D,18,5,Gallery
0.69,0.0,0.08,0.92,0.0,False,True,True,False,0,1,1,0,False,False,False,False,True,False,CTX199400067D,19,5,Gallery
0.0,0.0,0.0,0.0,0.0,False,False,False,False,0,0,0,0,True,True,False,False,False,False,CTX199400067D,2,3,Table
0.67,0.0,0.05,0.95,0.0,False,True,True,False,0,1,1,0,True,True,False,False,True,False,CTX199400067D,20,5,Gallery
0.64,0.0,0.06,0.94,0.0,False,True,True,False,0,1,1,0,False,False,False,False,True,False,CTX199400067D,21,5,Gallery
0.6,0.0,0.07,0.93,0.0,False,True,True,False,0,1,1,0,False,True,False,False,True,False,CTX199400067D,22,5,Gallery
0.71,0.0,0.07,0.93,0.0,False,True,True,False,0,1,1,0,True,True,False,False,True,False,CTX199400067D,23,5,Gallery
0.6,0.0,0.07,0.93,0.0,False,True,True,False,0,1,1,0,False,True,False,False,True,False,CTX199400067D,24,5,Gallery
0.6,0.0,0.09,0.91,0.0,False,True,True,False,0,1,1,0,False,False,False,False,True,False,CTX199400067D,25,5,Gallery
0.64,0.0,0.09,0.91,0.0,False,True,True,False,0,1,1,0,True,False,False,False,True,False,CTX199400067D,26,5,Gallery
0.6,0.0,0.07,0.93,0.0,False,True,True,False,0,1,1,0,False,False,False,False,True,False,CTX199400067D,27,5,Gallery
0.63,0.0,0.08,0.92,0.0,False,True,True,False,0,1,1,0,True,False,False,False,True,False,CTX199400067D,28,5,Gallery
0.63,0.0,0.08,0.92,0.0,False,True,True,False,0,1,1,0,True,False,False,False,True,False,CTX199400067D,29,5,Gallery
0.65,0.0,0.06,0.94,0.0,False,True,True,False,0,1,2,0,True,True,False,False,True,False,CTX199400067D,3,5,Gallery
0.63,0.0,0.07,0.93,0.0,False,True,True,False,0,1,1,0,True,False,False,False,True,False,CTX199400067D,30,5,Gallery
0.61,0.0,0.09,0.91,0.0,False,True,True,False,0,1,1,0,True,False,False,False,True,False,CTX199400067D,31,5,Gallery
0.61,0.0,0.05,0.95,0.0,False,True,True,False,0,1,1,0,False,True,False,False,True,False,CTX199400067D,32,5,Gallery
0.74,0.0,0.15,0.85,0.0,False,True,True,False,0,1,1,0,True,False,False,False,True,False,CTX199400067D,33,5,Gallery
0.58,0.0,0.12,0.88,0.0,False,True,True,False,0,1,1,0,True,False,False,False,True,False,CTX199400067D,34,5,Gallery
0.71,0.0,0.06,0.94,0.0,False,True,True,False,0,1,1,0,True,False,False,False,True,False,CTX199400067D,35,5,Gallery
0.57,0.0,0.18,0.82,0.0,False,True,True,False,0,1,1,0,False,False,False,False,False,False,CTX199400067D,36,5,Gallery
0.71,0.0,0.14,0.86,0.0,False,True,True,False,0,1,1,0,True,False,False,False,True,False,CTX199400067D,37,5,Gallery
0.57,0.0,0.11,0.89,0.0,False,True,True,False,0,1,1,0,True,False,False,False,True,False,CTX199400067D,38,5,Gallery
0.8,0.0,0.06,0.94,0.0,False,True,True,False,0,2,1,0,True,True,False,False,True,False,CTX199400067D,39,5,Gallery
0.7,0.0,0.16,0.84,0.0,False,True,True,False,0,3,2,0,True,True,False,False,True,False,CTX199400067D,4,5,Gallery
0.73,0.0,0.06,0.94,0.0,False,True,True,False,0,1,1,0,True,True,False,False,True,False,CTX199400067D,40,5,Gallery
0.71,0.0,0.05,0.95,0.0,False,True,True,False,0,1,1,0,True,True,False,False,True,False,CTX199400067D,41,5,Gallery
0.77,0.0,0.06,0.94,0.0,False,True,True,False,0,1,1,0,True,True,False,False,True,False,CTX199400067D,42,5,Gallery
0.66,0.0,0.03,0.97,0.0,False,True,True,False,0,1,1,0,False,True,False,False,True,False,CTX199400067D,43,5,Gallery
0.55,0.0,0.15,0.85,0.0,False,True,True,False,0,2,2,0,True,True,False,False,False,False,CTX199400067D,5,5,Gallery
0.71,0.0,0.14,0.86,0.0,False,True,True,False,0,2,2,0,True,True,False,False,True,False,CTX199400067D,6,5,Gallery
1.03,0.77,0.07,0.16,0.0,True,True,True,False,2,1,1,0,True,True,True,False,False,False,CTX199400067D,7,2,Form-figure
0.74,0.0,0.13,0.87,0.0,False,True,True,False,0,1,1,0,True,False,False,False,True,False,CTX199400067D,8,5,Gallery
0.73,0.0,0.11,0.89,0.0,False,True,True,False,0,1,1,0,True,True,False,False,True,False,CTX199400067D,9,5,Gallery
0.07,0.0,1.0,0.0,0.0,False,True,False,False,0,7,0,0,False,True,False,False,False,False,CTX199706756,1,9,Mixed
0.13,0.0,0.58,0.42,0.0,False,True,True,False,0,8,1,0,True,True,False,False,False,False,CTX199706756,10,5,Gallery
0.0,0.0,1.0,0.0,0.0,False,True,False,False,0,1,0,0,False,True,False,False,False,False,CTX199706756,11,9,Mixed
1.43,0.99,0.01,0.0,0.0,True,True,False,False,6,3,0,0,True,False,True,False,False,False,CTX199706756,12,1,Form
1.44,0.99,0.01,0.0,0.0,True,True,False,False,6,3,0,0,True,False,True,False,False,False,CTX199706756,13,1,Form
1.04,0.98,0.02,0.0,0.0,True,True,False,False,4,2,0,0,True,True,True,False,False,False,CTX199706756,14,1,Form
1.44,0.99,0.01,0.0,0.0,True,True,False,False,6,3,0,0,True,True,True,False,False,False,CTX199706756,15,1,Form
0.97,0.98,0.02,0.0,0.0,True,True,False,False,4,2,0,0,True,True,True,False,False,False,CTX199706756,16,1,Form
0.98,0.99,0.01,0.0,0.0,True,True,False,False,4,2,0,0,True,False,True,False,False,False,CTX199706756,17,1,Form
0.5,0.98,0.02,0.0,0.0,True,True,False,False,2,1,0,0,True,True,False,False,False,False,CTX199706756,18,1,Form
1.44,0.99,0.01,0.0,0.0,True,True,False,False,6,3,0,0,True,True,True,False,False,False,CTX199706756,19,1,Form
0.39,0.0,0.0,1.0,0.0,False,False,True,False,0,0,1,0,True,True,False,False,False,False,CTX199706756,2,5,Gallery
0.95,0.99,0.01,0.0,0.0,True,True,False,False,4,2,0,0,False,True,True,False,False,False,CTX199706756,20,1,Form
1.44,0.99,0.01,0.0,0.0,True,True,False,False,6,3,0,0,True,True,True,False,False,False,CTX199706756,21,1,Form
1.43,0.99,0.01,0.0,0.0,True,True,False,False,6,3,0,0,True,True,True,False,False,False,CTX199706756,22,1,Form
0.5,0.98,0.02,0.0,0.0,True,True,False,False,2,1,0,0,True,True,False,False,False,False,CTX199706756,23,1,Form
0.0,0.0,0.0,0.0,0.0,False,False,False,False,0,0,0,0,True,True,False,False,False,False,CTX199706756,24,3,Table
1.61,0.99,0.01,0.0,0.0,True,True,False,False,6,3,0,0,True,True,True,False,False,False,CTX199706756,25,1,Form
1.52,0.99,0.01,0.0,0.0,True,True,False,False,6,3,0,0,True,False,True,False,False,False,CTX199706756,26,1,Form
1.87,0.99,0.01,0.0,0.0,True,True,False,False,8,4,0,0,True,True,True,False,False,False,CTX199706756,27,1,Form
1.41,0.99,0.01,0.0,0.0,True,True,False,False,6,3,0,0,True,True,True,False,False,False,CTX199706756,28,1,Form
1.85,0.99,0.01,0.0,0.0,True,True,False,False,8,4,0,0,True,True,True,False,False,False,CTX199706756,29,1,Form
0.07,0.0,1.0,0.0,0.0,False,True,False,False,0,1,0,0,False,True,False,False,False,False,CTX199706756,3,9,Mixed
1.47,0.99,0.01,0.0,0.0,True,True,False,False,6,3,0,0,True,True,True,False,False,False,CTX199706756,30,1,Form
1.56,0.99,0.01,0.0,0.0,True,True,False,False,6,3,0,0,True,True,True,False,False,False,CTX199706756,31,1,Form
0.99,0.98,0.02,0.0,0.0,True,True,False,False,4,2,0,0,True,True,True,False,False,False,CTX199706756,32,1,Form
0.01,0.0,1.0,0.0,0.0,False,True,False,False,0,1,0,0,False,True,False,False,False,False,CTX199706756,33,9,Mixed
1.42,0.99,0.01,0.0,0.0,True,True,False,False,6,3,0,0,True,False,True,False,False,False,CTX199706756,34,1,Form
1.0,0.98,0.02,0.0,0.0,True,True,False,False,4,2,0,0,True,True,True,False,False,False,CTX199706756,35,1,Form
1.57,0.99,0.01,0.0,0.0,True,True,False,False,6,3,0,0,True,False,True,False,False,False,CTX199706756,36,1,Form
1.54,0.99,0.01,0.0,0.0,True,True,False,False,6,3,0,0,True,True,True,False,False,False,CTX199706756,37,1,Form
0.99,0.98,0.02,0.0,0.0,True,True,False,False,4,2,0,0,True,True,True,False,False,False,CTX199706756,38,1,Form
1.87,0.99,0.01,0.0,0.0,True,True,False,False,8,4,0,0,True,False,True,False,False,False,CTX199706756,39,1,Form
0.12,0.0,0.97,0.0,0.03,False,True,False,True,0,18,0,2,False,True,False,False,False,False,CTX199706756,4,8,Headers-text
1.87,0.99,0.01,0.0,0.0,True,True,False,False,8,4,0,0,True,True,True,False,False,False,CTX199706756,40,1,Form
1.85,0.99,0.01,0.0,0.0,True,True,False,False,8,4,0,0,True,True,True,False,False,False,CTX199706756,41,1,Form
1.88,0.99,0.01,0.0,0.0,True,True,False,False,8,4,0,0,False,True,True,False,False,False,CTX199706756,42,1,Form
1.86,0.99,0.01,0.0,0.0,True,True,False,False,8,4,0,0,True,True,True,False,False,False,CTX199706756,43,1,Form
1.44,0.99,0.01,0.0,0.0,True,True,False,False,6,3,0,0,False,True,True,False,False,False,CTX199706756,44,1,Form
1.85,0.99,0.01,0.0,0.0,True,True,False,False,8,4,0,0,True,True,True,False,False,False,CTX199706756,45,1,Form
1.07,0.99,0.01,0.0,0.0,True,True,False,False,4,2,0,0,True,True,True,False,False,False,CTX199706756,46,1,Form
1.43,0.99,0.01,0.0,0.0,True,True,False,False,6,3,0,0,True,False,True,False,False,False,CTX199706756,47,1,Form
1.39,0.99,0.01,0.0,0.0,True,True,False,False,6,3,0,0,True,True,True,False,False,False,CTX199706756,48,1,Form
1.51,0.99,0.01,0.0,0.0,True,True,False,False,6,3,0,0,True,True,True,False,False,False,CTX199706756,49,1,Form
0.22,0.0,0.97,0.0,0.03,False,True,False,True,0,22,0,2,False,True,False,False,False,False,CTX199706756,5,8,Headers-text
1.43,0.99,0.01,0.0,0.0,True,True,False,False,6,3,0,0,True,True,True,False,False,False,CTX199706756,50,1,Form
1.04,0.99,0.01,0.0,0.0,True,True,False,False,4,2,0,0,True,True,True,False,False,False,CTX199706756,51,1,Form
0.96,0.98,0.02,0.0,0.0,True,True,False,False,4,2,0,0,False,True,True,False,False,False,CTX199706756,52,1,Form
1.91,0.99,0.01,0.0,0.0,True,True,False,True,8,3,0,1,True,True,True,False,False,False,CTX199706756,53,1,Form
1.44,0.99,0.01,0.0,0.0,True,True,False,False,6,3,0,0,False,True,True,False,False,False,CTX199706756,54,1,Form
1.41,0.99,0.01,0.0,0.0,True,True,False,False,6,3,0,0,True,True,True,False,False,False,CTX199706756,55,1,Form
1.44,0.99,0.01,0.0,0.0,True,True,False,False,6,3,0,0,True,True,True,False,False,False,CTX199706756,56,1,Form
1.0,0.99,0.01,0.0,0.0,True,True,False,False,4,2,0,0,True,False,True,False,False,False,CTX199706756,57,1,Form
1.01,0.99,0.01,0.0,0.0,True,True,False,False,4,2,0,0,True,True,True,False,False,False,CTX199706756,58,1,Form
0.98,0.98,0.02,0.0,0.0,True,True,False,False,4,2,0,0,True,True,True,False,False,False,CTX199706756,59,1,Form
0.21,0.0,0.94,0.0,0.06,False,True,False,True,0,20,0,2,True,True,False,False,False,False,CTX199706756,6,8,Headers-text
1.41,0.99,0.01,0.0,0.0,True,True,False,False,6,3,0,0,False,True,True,False,False,False,CTX199706756,60,1,Form
0.0,0.0,0.0,0.0,0.0,False,False,False,False,0,0,0,0,False,True,False,False,False,False,CTX199706756,61,10,Neither
0.0,0.0,1.0,0.0,0.0,False,True,False,False,0,1,0,0,False,True,False,False,False,False,CTX199706756,62,9,Mixed
0.0,0.0,0.0,0.0,0.0,False,False,False,False,0,0,0,0,False,True,False,False,False,False,CTX199706756,63,10,Neither
0.0,0.0,0.0,0.0,0.0,False,False,False,False,0,0,0,0,True,True,False,False,False,False,CTX199706756,64,3,Table
0.0,0.0,0.0,0.0,0.0,False,False,False,False,0,0,0,0,False,True,False,False,False,False,CTX199706756,65,10,Neither
0.0,0.0,0.0,0.0,0.0,False,False,False,False,0,0,0,0,False,True,False,False,False,False,CTX199706756,66,10,Neither
0.0,0.0,0.0,0.0,0.0,False,False,False,False,0,0,0,0,True,True,False,False,False,False,CTX199706756,67,3,Table
0.0,0.0,0.0,0.0,0.0,False,False,False,False,0,0,0,0,False,True,False,False,False,False,CTX199706756,68,10,Neither
0.0,0.0,0.0,0.0,0.0,False,False,False,False,0,0,0,0,False,True,False,False,False,False,CTX199706756,69,10,Neither
0.21,0.0,0.93,0.0,0.07,False,True,False,True,0,21,0,2,False,True,False,False,False,False,CTX199706756,7,8,Headers-text
0.0,0.0,1.0,0.0,0.0,False,True,False,False,0,1,0,0,False,True,False,False,False,False,CTX199706756,70,9,Mixed
0.71,0.0,0.04,0.96,0.0,False,True,True,False,0,1,1,0,False,True,False,False,True,False,CTX199706756,71,5,Gallery
0.65,1.0,0.0,0.0,0.0,True,False,False,True,1,0,0,1,False,False,True,False,False,False,CTX199706756,72,1,Form
0.73,0.0,0.0,1.0,0.0,False,False,True,True,0,0,1,2,True,True,False,False,True,False,CTX199706756,73,5,Gallery
0.78,0.0,0.0,1.0,0.0,False,False,True,False,0,0,1,0,False,True,False,False,True,False,CTX199706756,74,5,Gallery
0.71,0.0,0.0,1.0,0.0,False,False,True,False,0,0,1,0,True,True,False,False,True,False,CTX199706756,75,5,Gallery
0.0,0.0,0.0,0.0,0.0,False,False,False,False,0,0,0,0,False,True,False,False,False,False,CTX199706756,76,10,Neither
0.0,0.0,0.0,0.0,0.0,False,False,False,False,0,0,0,0,False,True,False,False,False,False,CTX199706756,77,10,Neither
0.0,0.0,1.0,0.0,0.0,False,True,False,False,0,1,0,0,False,True,False,False,False,False,CTX199706756,78,9,Mixed
0.6,0.99,0.01,0.0,0.0,True,True,False,False,1,1,0,0,True,True,True,False,False,False,CTX199706756,79,1,Form
0.26,0.0,0.95,0.0,0.05,False,True,False,True,0,24,0,2,False,True,False,False,False,False,CTX199706756,8,8,Headers-text
0.67,0.0,0.01,0.99,0.0,False,True,True,False,0,1,1,0,True,False,False,False,True,False,CTX199706756,80,5,Gallery
0.01,0.0,0.59,0.0,0.41,False,True,False,True,0,1,0,1,True,True,False,False,False,False,CTX199706756,81,8,Headers-text
0.0,0.0,0.0,0.0,0.0,False,False,False,False,0,0,0,0,True,False,False,False,False,False,CTX199706756,82,1,Form
0.0,0.0,0.0,0.0,0.0,False,False,False,False,0,0,0,0,True,True,False,False,False,False,CTX199706756,83,3,Table
0.74,0.0,0.01,0.99,0.0,False,True,True,False,0,1,2,0,True,True,False,False,True,False,CTX199706756,84,5,Gallery
0.0,0.0,0.0,0.0,0.0,False,False,False,False,0,0,0,0,True,True,False,False,False,False,CTX199706756,85,3,Table
0.0,0.0,0.0,0.0,0.0,False,False,False,False,0,0,0,0,True,True,False,False,False,False,CTX199706756,86,3,Table
0.32,0.0,0.03,0.97,0.0,False,True,True,False,0,1,1,0,True,True,False,False,False,False,CTX199706756,87,5,Gallery
0.22,0.0,0.97,0.0,0.03,False,True,False,True,0,22,0,2,False,True,False,False,False,False,CTX199706756,9,8,Headers-text
0.37,0.0,0.95,0.0,0.05,False,True,False,True,0,7,0,2,True,False,False,False,False,False,CTX200404964,1,8,Headers-text
1.41,0.99,0.01,0.0,0.0,True,True,False,False,2,2,0,0,True,True,True,False,False,False,CTX200404964,2,1,Form
0.01,0.0,1.0,0.0,0.0,False,True,False,False,0,6,0,0,True,False,False,False,False,False,CTX200508690,1,1,Form
0.43,0.0,0.57,0.4,0.03,False,True,True,True,0,14,1,4,True,True,False,False,False,False,CTX200605716,1,5,Gallery
0.0,0.0,0.0,0.0,0.0,False,False,False,False,0,0,0,0,True,True,False,False,False,False,CTX200605716,2,3,Table
1.35,0.61,0.14,0.25,0.0,True,True,True,False,10,9,1,0,True,False,True,False,False,False,CTX200903109,1,2,Form-figure
0.82,0.0,0.0,1.0,0.0,False,False,True,False,0,0,1,0,True,True,False,False,True,False,CTX200903109,2,5,Gallery
0.69,0.99,0.01,0.0,0.0,True,True,False,False,1,1,0,0,True,True,True,False,False,False,CTX200903109,3,1,Form
2.85,0.97,0.03,0.0,0.0,True,True,False,False,9,9,0,0,True,False,True,False,False,False,CTX200904273,1,1,Form
0.0,0.0,0.0,0.0,0.0,False,False,False,False,0,0,0,0,True,True,False,False,False,False,CTX200904273,2,3,Table
0.38,0.0,0.14,0.86,0.0,False,True,True,False,0,1,2,0,True,False,False,False,False,False,CTX201404755,1,5,Gallery
0.0,0.0,0.0,0.0,0.0,False,False,False,False,0,0,0,0,False,True,False,False,False,False,CTX201404755,10,10,Neither
0.43,0.0,0.0,1.0,0.0,False,False,True,False,0,0,1,0,False,False,False,False,False,False,CTX201404755,11,5,Gallery
0.71,0.0,0.0,1.0,0.0,False,False,True,False,0,0,1,0,False,False,False,False,True,False,CTX201404755,12,5,Gallery
0.73,0.0,0.0,1.0,0.0,False,False,True,False,0,0,1,0,False,False,False,False,True,False,CTX201404755,13,5,Gallery
0.72,0.0,0.0,1.0,0.0,False,False,True,False,0,0,2,0,True,True,False,False,True,False,CTX201404755,14,5,Gallery
0.76,1.0,0.0,0.0,0.0,True,True,False,False,2,1,0,0,True,True,True,False,False,False,CTX201404755,15,1,Form
0.76,0.0,0.0,1.0,0.0,False,False,True,True,0,0,2,1,True,True,False,False,True,False,CTX201404755,16,5,Gallery
0.0,0.0,0.0,0.0,0.0,False,False,False,False,0,0,0,0,True,True,False,False,False,False,CTX201404755,17,3,Table
0.0,0.0,0.0,0.0,0.0,False,False,False,False,0,0,0,0,True,True,False,False,False,False,CTX201404755,18,3,Table
0.32,0.0,0.97,0.0,0.03,False,True,False,True,0,7,0,2,True,True,False,False,False,False,CTX201404755,2,8,Headers-text
0.25,0.0,0.23,0.77,0.0,False,True,True,False,0,1,1,0,True,True,False,False,False,False,CTX201404755,3,5,Gallery
0.51,0.0,0.0,1.0,0.0,False,False,True,False,0,0,1,0,False,True,False,False,True,False,CTX201404755,4,5,Gallery
0.0,0.0,0.0,0.0,0.0,False,False,False,False,0,0,0,0,False,True,False,False,False,False,CTX201404755,5,10,Neither
0.0,0.0,0.0,0.0,0.0,False,False,False,False,0,0,0,0,True,True,False,False,False,False,CTX201404755,6,3,Table
0.0,0.0,0.0,0.0,0.0,False,False,False,False,0,0,0,0,True,True,False,False,False,False,CTX201404755,7,3,Table
0.76,0.0,0.0,1.0,0.0,False,False,True,False,0,0,1,0,True,True,False,False,True,False,CTX201404755,8,5,Gallery
0.0,0.0,0.0,0.0,0.0,False,False,False,False,0,0,0,0,True,False,False,False,False,False,CTX201404755,9,1,Form
0.01,0.0,1.0,0.0,0.0,False,True,False,False,0,3,0,0,True,False,False,False,False,False,MPY202300001,1,1,Form
2.37,0.96,0.02,0.02,0.0,True,True,True,False,8,3,1,0,True,True,True,False,False,False,MTX195602489,1,1,Form
0.0,0.0,0.0,0.0,0.0,False,False,False,False,0,0,0,0,True,True,False,False,False,False,MTX195602489,10,3,Table
0.8,0.0,0.0,1.0,0.0,False,False,True,False,0,0,1,0,True,True,False,False,True,False,MTX195602489,11,5,Gallery
0.99,0.67,0.01,0.32,0.0,True,True,True,False,2,1,1,0,True,True,True,False,False,False,MTX195602489,12,2,Form-figure
0.84,0.0,0.0,1.0,0.0,False,False,True,False,0,0,1,0,True,True,False,False,True,False,MTX195602489,13,5,Gallery
0.0,0.0,0.0,0.0,0.0,False,False,False,False,0,0,0,0,True,True,False,False,False,False,MTX195602489,14,3,Table
0.44,0.0,1.0,0.0,0.0,False,True,False,True,0,6,0,1,True,False,False,False,False,False,MTX195602489,2,8,Headers-text
0.48,0.0,0.99,0.0,0.01,False,True,False,True,0,3,0,1,True,True,False,False,False,False,MTX195602489,3,8,Headers-text
0.4,0.0,1.0,0.0,0.0,False,True,False,False,0,11,0,0,True,True,False,False,False,False,MTX195602489,4,3,Table
0.0,0.0,0.0,0.0,0.0,False,False,False,False,0,0,0,0,True,True,False,False,False,False,MTX195602489,5,3,Table
0.0,0.0,0.0,0.0,0.0,False,False,False,False,0,0,0,0,True,True,False,False,False,False,MTX195602489,6,3,Table
0.12,0.0,0.54,0.46,0.0,False,True,True,False,0,4,1,0,True,False,False,False,False,False,MTX195602489,7,5,Gallery
0.55,0.0,0.13,0.87,0.0,False,True,True,False,0,3,1,0,True,True,False,False,False,False,MTX195602489,8,5,Gallery
0.73,0.99,0.01,0.0,0.0,True,True,False,False,1,1,0,0,False,False,True,False,False,False,MTX195602489,9,1,Form
2.81,0.96,0.01,0.03,0.0,True,True,True,True,8,4,2,2,True,False,True,False,False,False,MTX197001050,1,1,Form
0.03,0.0,1.0,0.0,0.0,False,True,False,False,0,8,0,0,True,False,False,False,False,False,MTX197001050,2,1,Form
1.0,0.98,0.02,0.0,0.0,True,True,False,False,2,2,0,0,True,False,True,False,False,False,MTX197001050,3,1,Form
0.18,0.0,1.0,0.0,0.0,False,True,False,False,0,20,0,0,True,False,False,False,False,False,MTX197001050,4,1,Form
0.55,0.0,0.02,0.98,0.0,False,True,True,False,0,1,1,0,True,True,False,False,True,False,MTX197001050,5,5,Gallery
0.78,0.0,0.0,1.0,0.0,False,False,True,False,0,0,1,0,False,False,False,False,True,False,MTX197001050,6,5,Gallery
0.78,0.0,0.0,1.0,0.0,False,False,True,False,0,0,1,0,False,True,False,False,True,False,MTX197001050,7,5,Gallery
0.0,0.0,0.0,0.0,0.0,False,False,False,False,0,0,0,0,False,True,False,False,False,False,MTX197001050,8,10,Neither
0.83,0.0,0.0,1.0,0.0,False,False,True,False,0,0,1,0,False,False,False,False,True,False,MTX197001050,9,5,Gallery
0.05,0.0,0.93,0.0,0.07,False,True,False,True,0,6,0,2,True,False,False,False,False,False,MTX198701704,1,8,Headers-text
0.03,0.0,1.0,0.0,0.0,False,True,False,False,0,1,0,0,True,False,False,False,False,False,MTX198701704,2,1,Form
0.04,0.0,0.95,0.0,0.05,False,True,False,True,0,7,0,1,True,False,False,False,False,False,MTX198701704,3,8,Headers-text
0.84,1.0,0.0,0.0,0.0,True,False,False,True,1,0,0,1,True,False,True,False,False,False,MTX198701704,4,1,Form
0.0,0.0,0.0,0.0,0.0,False,False,False,False,0,0,0,0,True,False,False,False,False,False,MTX198701704,5,1,Form
1.26,0.95,0.05,0.0,0.0,True,True,False,False,6,6,0,0,True,False,True,False,False,False,MTX198801805,1,1,Form
0.92,0.0,0.0,1.0,0.0,False,False,True,False,0,0,1,0,True,True,False,False,True,False,MTX201890001,1,5,Gallery
0.0,0.0,0.0,0.0,0.0,False,False,False,False,0,0,0,0,True,True,False,False,False,False,MTX201890034,1,3,Table
0.84,0.0,0.0,1.0,0.0,False,False,True,False,0,0,1,0,True,True,False,False,True,False,MTX201890081,1,5,Gallery
0.87,0.69,0.0,0.31,0.0,True,False,True,False,1,0,1,0,True,True,True,False,False,False,MTX201891179,1,2,Form-figure
0.0,0.0,0.0,0.0,0.0,False,False,False,False,0,0,0,0,True,True,False,False,False,False,MTX201891179,10,3,Table
0.0,0.0,0.0,0.0,0.0,False,False,False,False,0,0,0,0,True,True,False,False,False,False,MTX201891179,11,3,Table
0.0,0.0,0.0,0.0,0.0,False,False,False,False,0,0,0,0,True,True,False,False,False,False,MTX201891179,12,3,Table
0.0,0.0,0.0,0.0,0.0,False,False,False,False,0,0,0,0,True,True,False,False,False,False,MTX201891179,13,3,Table
0.0,0.0,0.0,0.0,0.0,False,False,False,False,0,0,0,0,True,True,False,False,False,False,MTX201891179,14,3,Table
0.0,0.0,0.0,0.0,0.0,False,False,False,False,0,0,0,0,True,True,False,False,False,False,MTX201891179,15,3,Table
0.0,0.0,0.0,0.0,0.0,False,False,False,False,0,0,0,0,True,True,False,False,False,False,MTX201891179,16,3,Table
0.0,0.0,0.0,0.0,0.0,False,False,False,False,0,0,0,0,True,True,False,False,False,False,MTX201891179,17,3,Table
0.0,0.0,0.0,0.0,0.0,False,False,False,False,0,0,0,0,True,True,False,False,False,False,MTX201891179,18,3,Table
0.0,0.0,0.0,0.0,0.0,False,False,False,False,0,0,0,0,True,True,False,False,False,False,MTX201891179,19,3,Table
0.0,0.0,0.0,0.0,0.0,False,False,False,False,0,0,0,0,True,True,False,False,False,False,MTX201891179,2,3,Table
0.0,0.0,0.0,0.0,0.0,False,False,False,False,0,0,0,0,True,True,False,False,False,False,MTX201891179,20,3,Table
0.0,0.0,0.0,0.0,0.0,False,False,False,False,0,0,0,0,True,True,False,False,False,False,MTX201891179,21,3,Table
0.0,0.0,0.0,0.0,0.0,False,False,False,False,0,0,0,0,True,True,False,False,False,False,MTX201891179,22,3,Table
0.0,0.0,0.0,0.0,0.0,False,False,False,False,0,0,0,0,True,True,False,False,False,False,MTX201891179,23,3,Table
0.0,0.0,0.0,0.0,0.0,False,False,False,False,0,0,0,0,True,True,False,False,False,False,MTX201891179,3,3,Table
0.0,0.0,0.0,0.0,0.0,False,False,False,False,0,0,0,0,True,True,False,False,False,False,MTX201891179,4,3,Table
0.0,0.0,0.0,0.0,0.0,False,False,False,False,0,0,0,0,True,True,False,False,False,False,MTX201891179,5,3,Table
0.72,0.98,0.02,0.0,0.0,True,True,False,False,1,1,0,0,True,True,True,False,False,False,MTX201891179,6,1,Form
0.0,0.0,0.0,0.0,0.0,False,False,False,False,0,0,0,0,True,True,False,False,False,False,MTX201891179,7,3,Table
0.0,0.0,0.0,0.0,0.0,False,False,False,False,0,0,0,0,True,True,False,False,False,False,MTX201891179,8,3,Table
0.0,0.0,0.0,0.0,0.0,False,False,False,False,0,0,0,0,True,True,False,False,False,False,MTX201891179,9,3,Table
0.0,0.0,0.0,0.0,0.0,False,False,False,False,0,0,0,0,False,True,False,False,False,False,MTX201891607,1,10,Neither
0.77,0.0,0.0,1.0,0.0,False,False,True,False,0,0,1,0,True,True,False,False,True,False,MTX201891650,1,5,Gallery
0.0,0.0,0.0,0.0,0.0,False,False,False,False,0,0,0,0,True,True,False,False,False,False,MTX201891710,1,3,Table
0.0,0.0,0.0,0.0,0.0,False,False,False,False,0,0,0,0,True,True,False,False,False,False,MTX202110009,1,3,Table
0.79,0.0,0.0,1.0,0.0,False,False,True,False,0,0,1,0,True,True,False,False,True,False,MTX202110009,2,5,Gallery
0.82,0.0,0.0,1.0,0.0,False,False,True,False,0,0,1,0,True,True,False,False,True,False,MTX202110009,3,5,Gallery
0.83,0.0,0.0,1.0,0.0,False,False,True,False,0,0,1,0,True,True,False,False,True,False,MTX202110009,4,5,Gallery
0.83,0.0,0.0,1.0,0.0,False,False,True,False,0,0,1,0,False,True,False,False,True,False,MTX202110009,5,5,Gallery
0.83,0.0,0.0,1.0,0.0,False,False,True,False,0,0,1,0,True,True,False,False,True,False,MTX202110009,6,5,Gallery
0.86,0.0,1.0,0.0,0.0,False,True,False,False,0,1,0,0,True,True,False,True,False,False,MTX202210023c,1,4,Text-body
0.0,0.0,0.0,0.0,0.0,False,False,False,False,0,0,0,0,True,True,False,False,False,False,MTX202210023c,10,3,Table
0.0,0.0,0.0,0.0,0.0,False,False,False,False,0,0,0,0,True,True,False,False,False,False,MTX202210023c,11,3,Table
0.0,0.0,0.0,0.0,0.0,False,False,False,False,0,0,0,0,True,True,False,False,False,False,MTX202210023c,12,3,Table
0.81,0.96,0.04,0.0,0.0,True,True,False,False,1,1,0,0,True,True,True,False,False,False,MTX202210023c,13,1,Form
0.0,0.0,0.0,0.0,0.0,False,False,False,False,0,0,0,0,True,True,False,False,False,False,MTX202210023c,14,3,Table
0.0,0.0,0.0,0.0,0.0,False,False,False,False,0,0,0,0,True,True,False,False,False,False,MTX202210023c,15,3,Table
0.0,0.0,0.0,0.0,0.0,False,False,False,False,0,0,0,0,True,True,False,False,False,False,MTX202210023c,16,3,Table
0.0,0.0,0.0,0.0,0.0,False,False,False,False,0,0,0,0,True,True,False,False,False,False,MTX202210023c,17,3,Table
0.0,0.0,0.0,0.0,0.0,False,False,False,False,0,0,0,0,True,True,False,False,False,False,MTX202210023c,18,3,Table
0.0,0.0,0.0,0.0,0.0,False,False,False,False,0,0,0,0,True,True,False,False,False,False,MTX202210023c,19,3,Table
1.61,0.95,0.05,0.0,0.0,True,True,False,False,2,2,0,0,True,True,True,False,False,False,MTX202210023c,2,1,Form
0.0,0.0,0.0,0.0,0.0,False,False,False,False,0,0,0,0,True,True,False,False,False,False,MTX202210023c,20,3,Table
0.81,0.96,0.04,0.0,0.0,True,True,False,False,1,1,0,0,True,True,True,False,False,False,MTX202210023c,21,1,Form
0.0,0.0,0.0,0.0,0.0,False,False,False,False,0,0,0,0,True,True,False,False,False,False,MTX202210023c,22,3,Table
0.79,0.96,0.04,0.0,0.0,True,True,False,False,1,1,0,0,True,True,True,False,False,False,MTX202210023c,23,1,Form
0.0,0.0,0.0,0.0,0.0,False,False,False,False,0,0,0,0,True,True,False,False,False,False,MTX202210023c,24,3,Table
1.59,0.95,0.05,0.0,0.0,True,True,False,False,2,2,0,0,True,True,True,False,False,False,MTX202210023c,25,1,Form
0.81,0.95,0.05,0.0,0.0,True,True,False,False,1,1,0,0,True,True,True,False,False,False,MTX202210023c,26,1,Form
0.0,0.0,0.0,0.0,0.0,False,False,False,False,0,0,0,0,True,True,False,False,False,False,MTX202210023c,27,3,Table
0.0,0.0,0.0,0.0,0.0,False,False,False,False,0,0,0,0,True,True,False,False,False,False,MTX202210023c,28,3,Table
0.8,0.96,0.04,0.0,0.0,True,True,False,False,1,1,0,0,True,True,True,False,False,False,MTX202210023c,29,1,Form
0.8,0.95,0.05,0.0,0.0,True,True,False,False,1,1,0,0,True,True,True,False,False,False,MTX202210023c,3,1,Form
0.79,0.96,0.04,0.0,0.0,True,True,False,False,1,1,0,0,True,True,True,False,False,False,MTX202210023c,30,1,Form
0.8,0.96,0.04,0.0,0.0,True,True,False,False,1,1,0,0,True,True,True,False,False,False,MTX202210023c,31,1,Form
0.0,0.0,0.0,0.0,0.0,False,False,False,False,0,0,0,0,True,True,False,False,False,False,MTX202210023c,32,3,Table
0.81,0.96,0.04,0.0,0.0,True,True,False,False,1,1,0,0,True,True,True,False,False,False,MTX202210023c,33,1,Form
1.66,0.95,0.05,0.0,0.0,True,True,False,False,2,2,0,0,True,True,True,False,False,False,MTX202210023c,34,1,Form
0.78,0.96,0.04,0.0,0.0,True,True,False,False,1,1,0,0,True,True,True,False,False,False,MTX202210023c,35,1,Form
0.0,0.0,0.0,0.0,0.0,False,False,False,False,0,0,0,0,True,True,False,False,False,False,MTX202210023c,36,3,Table
1.6,0.94,0.06,0.0,0.0,True,True,False,False,2,2,0,0,True,True,True,False,False,False,MTX202210023c,37,1,Form
0.0,0.0,0.0,0.0,0.0,False,False,False,False,0,0,0,0,True,True,False,False,False,False,MTX202210023c,4,3,Table
0.0,0.0,0.0,0.0,0.0,False,False,False,False,0,0,0,0,True,True,False,False,False,False,MTX202210023c,5,3,Table
0.0,0.0,0.0,0.0,0.0,False,False,False,False,0,0,0,0,True,True,False,False,False,False,MTX202210023c,6,3,Table
0.0,0.0,0.0,0.0,0.0,False,False,False,False,0,0,0,0,True,True,False,False,False,False,MTX202210023c,7,3,Table
0.0,0.0,0.0,0.0,0.0,False,False,False,False,0,0,0,0,True,True,False,False,False,False,MTX202210023c,8,3,Table
0.82,0.94,0.06,0.0,0.0,True,True,False,False,1,1,0,0,True,True,True,False,False,False,MTX202210023c,9,1,Form
0.0,0.0,0.0,0.0,0.0,False,False,False,False,0,0,0,0,False,True,False,False,False,False,MTX202210023d,1,10,Neither
0.0,0.0,0.0,0.0,0.0,False,False,False,False,0,0,0,0,True,True,False,False,False,False,MTX202210023d,10,3,Table
0.84,0.0,0.0,1.0,0.0,False,False,True,False,0,0,1,0,True,True,False,False,True,False,MTX202210023d,11,5,Gallery
0.84,0.0,0.0,1.0,0.0,False,False,True,False,0,0,1,0,True,True,False,False,True,False,MTX202210023d,12,5,Gallery
0.83,0.0,0.0,1.0,0.0,False,False,True,False,0,0,1,0,True,True,False,False,True,False,MTX202210023d,13,5,Gallery
0.83,0.0,0.0,1.0,0.0,False,False,True,False,0,0,1,0,True,True,False,False,True,False,MTX202210023d,14,5,Gallery
0.0,0.0,0.0,0.0,0.0,False,False,False,False,0,0,0,0,True,True,False,False,False,False,MTX202210023d,15,3,Table
0.83,0.0,0.0,1.0,0.0,False,False,True,False,0,0,1,0,True,True,False,False,True,False,MTX202210023d,16,5,Gallery
0.82,0.0,0.0,1.0,0.0,False,False,True,False,0,0,1,0,True,True,False,False,True,False,MTX202210023d,2,5,Gallery
0.0,0.0,0.0,0.0,0.0,False,False,False,False,0,0,0,0,True,True,False,False,False,False,MTX202210023d,3,3,Table
0.0,0.0,0.0,0.0,0.0,False,False,False,False,0,0,0,0,True,True,False,False,False,False,MTX202210023d,4,3,Table
0.83,0.0,0.0,1.0,0.0,False,False,True,False,0,0,1,0,True,True,False,False,True,False,MTX202210023d,5,5,Gallery
0.82,0.0,0.0,1.0,0.0,False,False,True,False,0,0,1,0,True,True,False,False,True,False,MTX202210023d,6,5,Gallery
0.0,0.0,0.0,0.0,0.0,False,False,False,False,0,0,0,0,False,True,False,False,False,False,MTX202210023d,7,10,Neither
0.0,0.0,0.0,0.0,0.0,False,False,False,False,0,0,0,0,True,True,False,False,False,False,MTX202210023d,8,3,Table
0.84,0.0,0.0,1.0,0.0,False,False,True,False,0,0,1,0,True,True,False,False,True,False,MTX202210023d,9,5,Gallery
0.23,0.0,0.27,0.67,0.06,False,True,True,True,0,5,1,2,True,False,False,False,False,False,MTX202300013,1,5,Gallery
0.48,0.0,0.65,0.32,0.03,False,True,True,True,0,2,1,2,True,True,False,False,False,False,MTX202300013,10,5,Gallery
0.37,0.0,0.19,0.81,0.0,False,True,True,False,0,3,3,0,True,True,False,False,False,False,MTX202300013,11,5,Gallery
0.32,0.0,0.16,0.84,0.0,False,True,True,False,0,3,2,0,True,True,False,False,False,False,MTX202300013,12,5,Gallery
0.43,0.0,0.04,0.96,0.0,False,True,True,False,0,1,1,0,True,False,False,False,False,False,MTX202300013,13,5,Gallery
0.47,0.98,0.02,0.0,0.0,True,True,False,False,1,1,0,0,False,True,False,False,False,False,MTX202300013,14,1,Form
0.23,0.0,0.1,0.9,0.0,False,True,True,False,0,1,1,0,True,True,False,False,False,False,MTX202300013,15,5,Gallery
0.32,0.0,0.16,0.84,0.0,False,True,True,False,0,3,2,0,True,True,False,False,False,False,MTX202300013,16,5,Gallery
0.15,0.0,0.17,0.83,0.0,False,True,True,False,0,2,1,0,True,True,False,False,False,False,MTX202300013,17,5,Gallery
0.45,0.0,0.65,0.34,0.0,False,True,True,True,0,3,1,1,True,False,False,False,False,False,MTX202300013,18,5,Gallery
0.36,0.0,0.99,0.0,0.01,False,True,False,True,0,19,0,1,True,True,False,False,False,False,MTX202300013,19,8,Headers-text
0.06,0.0,0.98,0.0,0.02,False,True,False,True,0,10,0,1,True,False,False,False,False,False,MTX202300013,2,8,Headers-text
0.51,0.0,0.97,0.0,0.03,False,True,False,True,0,7,0,2,True,True,False,False,False,False,MTX202300013,3,8,Headers-text
0.07,0.0,1.0,0.0,0.0,False,True,False,False,0,3,0,0,True,True,False,False,False,False,MTX202300013,4,3,Table
0.31,0.0,0.45,0.55,0.0,False,True,True,False,0,12,2,0,True,False,False,False,False,False,MTX202300013,5,5,Gallery
0.48,0.0,1.0,0.0,0.0,False,True,False,False,0,3,0,0,True,True,False,False,False,False,MTX202300013,6,3,Table
0.58,0.0,1.0,0.0,0.0,False,True,False,False,0,10,0,0,True,True,False,True,False,False,MTX202300013,7,4,Text-body
0.21,0.0,0.11,0.89,0.0,False,True,True,False,0,1,1,0,True,False,False,False,False,False,MTX202300013,8,5,Gallery
0.13,0.0,0.26,0.74,0.0,False,True,True,False,0,1,1,0,True,False,False,False,False,False,MTX202300013,9,5,Gallery
0.33,0.0,0.11,0.81,0.08,False,True,True,True,0,6,1,2,False,True,False,False,False,False,MTX202300556,1,5,Gallery
0.09,0.0,0.86,0.0,0.14,False,True,False,True,0,8,0,2,True,False,False,False,False,False,MTX202300556,10,8,Headers-text
0.53,0.0,0.01,0.99,0.0,False,True,True,False,0,1,1,0,False,True,False,False,True,False,MTX202300556,11,5,Gallery
0.44,0.0,0.02,0.98,0.0,False,True,True,False,0,1,1,0,False,False,False,False,False,False,MTX202300556,12,5,Gallery
1.05,0.99,0.01,0.0,0.0,True,True,False,False,2,2,0,0,False,True,True,False,False,False,MTX202300556,13,1,Form
0.58,0.0,0.05,0.95,0.0,False,True,True,False,0,2,2,0,True,True,False,False,True,False,MTX202300556,14,5,Gallery
0.57,0.0,0.03,0.97,0.0,False,True,True,False,0,2,2,0,True,True,False,False,True,False,MTX202300556,15,5,Gallery
0.59,0.0,0.03,0.97,0.0,False,True,True,False,0,2,2,0,True,True,False,False,True,False,MTX202300556,16,5,Gallery
0.45,0.0,0.08,0.92,0.0,False,True,True,False,0,2,2,0,True,True,False,False,False,False,MTX202300556,17,5,Gallery
1.14,0.73,0.03,0.24,0.0,True,True,True,False,3,2,1,0,True,True,True,False,False,False,MTX202300556,18,2,Form-figure
0.59,0.0,0.06,0.94,0.0,False,True,True,False,0,2,2,0,True,True,False,False,True,False,MTX202300556,19,5,Gallery
0.08,0.0,0.94,0.0,0.06,False,True,False,True,0,25,0,2,False,False,False,False,False,False,MTX202300556,2,8,Headers-text
0.49,0.0,0.1,0.9,0.0,False,True,True,False,0,2,2,0,True,True,False,False,False,False,MTX202300556,20,5,Gallery
0.32,0.0,0.03,0.97,0.0,False,True,True,False,0,1,1,0,True,True,False,False,False,False,MTX202300556,21,5,Gallery
0.58,0.0,0.01,0.99,0.0,False,True,True,False,0,1,1,0,True,False,False,False,True,False,MTX202300556,22,5,Gallery
1.24,0.56,0.01,0.43,0.0,True,True,True,False,4,1,3,0,True,True,True,False,True,False,MTX202300556,23,2,Form-figure
0.59,0.99,0.01,0.0,0.0,True,True,False,False,1,1,0,0,True,True,True,False,False,False,MTX202300556,24,1,Form
0.53,0.0,0.03,0.97,0.0,False,True,True,False,0,2,2,0,False,True,False,False,True,False,MTX202300556,25,5,Gallery
0.55,0.0,0.02,0.98,0.0,False,True,True,False,0,2,2,0,True,True,False,False,True,False,MTX202300556,26,5,Gallery
0.03,0.0,0.96,0.0,0.04,False,True,False,True,0,7,0,1,True,False,False,False,False,False,MTX202300556,3,8,Headers-text
0.24,0.0,0.93,0.0,0.07,False,True,False,True,0,20,0,3,True,False,False,False,False,False,MTX202300556,4,8,Headers-text
0.53,0.0,0.99,0.0,0.01,False,True,False,True,0,5,0,1,True,True,False,True,False,False,MTX202300556,5,4,Text-body
0.56,0.0,0.98,0.0,0.02,False,True,False,True,0,2,0,1,True,False,False,True,False,False,MTX202300556,6,4,Text-body
0.44,0.0,0.97,0.0,0.03,False,True,False,True,0,7,0,2,True,False,False,False,False,False,MTX202300556,7,8,Headers-text
0.19,0.0,0.92,0.0,0.08,False,True,False,True,0,18,0,4,True,False,False,False,False,False,MTX202300556,8,8,Headers-text
0.13,0.0,0.96,0.0,0.04,False,True,False,True,0,23,0,3,True,False,False,False,False,False,MTX202300556,9,8,Headers-text
0.35,0.0,0.95,0.0,0.05,False,True,False,True,0,14,0,1,True,False,False,False,False,False,MTX202300587,1,8,Headers-text
0.37,0.0,0.16,0.84,0.0,False,True,True,False,0,1,1,0,True,True,False,False,False,False,MTX202300587,2,5,Gallery
0.35,0.0,0.32,0.53,0.14,False,True,True,True,0,4,1,1,False,False,False,False,False,False,MTX202420001,1,5,Gallery
0.01,0.0,1.0,0.0,0.0,False,True,False,False,0,2,0,0,False,False,False,False,False,False,MTX202420001,2,9,Mixed
0.34,0.0,0.92,0.0,0.08,False,True,False,True,0,3,0,3,True,False,False,False,False,False,MTX202420001,3,8,Headers-text
0.47,0.0,0.61,0.35,0.04,False,True,True,True,0,7,2,4,True,False,False,False,False,False,MTX202420001,4,5,Gallery
0.79,0.75,0.22,0.0,0.03,True,True,False,True,6,4,0,2,True,False,True,False,False,False,MTX202420001,5,7,Table-text
0.44,0.0,0.1,0.88,0.02,False,True,True,True,0,3,2,1,True,False,False,False,False,False,MTX202420001,6,5,Gallery
0.32,0.0,0.0,1.0,0.0,False,True,True,False,0,1,1,0,True,True,False,False,False,False,MTX202420001,7,5,Gallery
0.58,0.0,0.0,0.99,0.01,False,False,True,True,0,0,1,1,True,False,False,False,True,False,MTX202420001,8,5,Gallery
0.32,0.0,0.03,0.97,0.0,False,True,True,False,0,2,1,0,True,True,False,False,False,False,MTX202420001,9,5,Gallery
0.76,1.0,0.0,0.0,0.0,True,True,False,False,1,1,0,0,True,True,True,False,False,False,P009,page,1,Form
0.0,0.0,0.0,0.0,0.0,False,False,False,False,0,0,0,0,True,True,False,False,False,False,P009,page,3,Table
0.0,0.0,0.0,0.0,0.0,False,False,False,False,0,0,0,0,True,True,False,False,False,False,P009,page,3,Table
0.81,0.0,0.0,1.0,0.0,False,False,True,False,0,0,1,0,True,True,False,False,True,False,P009,page,5,Gallery
0.81,0.0,0.0,1.0,0.0,False,False,True,False,0,0,1,0,True,True,False,False,True,False,P009,page,5,Gallery
0.0,0.0,0.0,0.0,0.0,False,False,False,False,0,0,0,0,True,False,False,False,False,False,P009,page,1,Form
0.03,0.0,1.0,0.0,0.0,False,True,False,False,0,1,0,0,True,True,False,False,False,False,P009,page,3,Table
0.0,0.0,0.0,0.0,0.0,False,False,False,False,0,0,0,0,True,True,False,False,False,False,P009,page,3,Table
0.0,0.0,0.0,0.0,0.0,False,False,False,False,0,0,0,0,True,True,False,False,False,False,P009,page,3,Table
0.9,0.96,0.04,0.0,0.0,True,True,False,False,1,1,0,0,True,True,True,False,False,False,P009,page,1,Form
0.86,0.98,0.02,0.0,0.0,True,True,False,False,1,1,0,0,True,True,True,False,False,False,P009,page,1,Form
0.0,0.0,0.0,0.0,0.0,False,False,False,False,0,0,0,0,True,True,False,False,False,False,P009,page,3,Table
0.0,0.0,0.0,0.0,0.0,False,False,False,False,0,0,0,0,True,True,False,False,False,False,P009,page,3,Table
0.69,0.0,0.03,0.97,0.0,False,True,True,True,0,2,1,1,True,True,False,False,True,False,P009,page,5,Gallery
0.88,0.0,0.0,1.0,0.0,False,False,True,False,0,0,1,0,True,True,False,False,True,False,P009,page,5,Gallery
0.72,0.0,0.16,0.84,0.0,False,True,True,False,0,3,2,0,True,True,False,False,True,False,P009,page,5,Gallery
0.0,0.0,0.0,0.0,0.0,False,False,False,False,0,0,0,0,True,True,False,False,False,False,P009,page,3,Table
0.0,0.0,0.0,0.0,0.0,False,False,False,False,0,0,0,0,True,True,False,False,False,False,P009,page,3,Table
0.0,0.0,0.0,0.0,0.0,False,False,False,False,0,0,0,0,False,False,False,False,False,False,P009,page,10,Neither
0.0,0.0,0.0,0.0,0.0,False,False,False,False,0,0,0,0,True,True,False,False,False,False,P043,004,3,Table
0.0,0.0,0.0,0.0,0.0,False,False,False,False,0,0,0,0,True,True,False,False,False,False,P043,004,3,Table
0.0,0.0,0.0,0.0,0.0,False,False,False,False,0,0,0,0,True,True,False,False,False,False,P043,004,3,Table
0.0,0.0,0.0,0.0,0.0,False,False,False,False,0,0,0,0,False,True,False,False,False,False,P043,004,10,Neither
0.85,0.0,0.02,0.98,0.0,False,True,True,False,0,1,1,0,True,True,False,False,True,False,P043,004,5,Gallery
0.0,0.0,0.0,0.0,0.0,False,False,False,False,0,0,0,0,True,True,False,False,False,False,P043,004,3,Table
0.0,0.0,0.0,0.0,0.0,False,False,False,False,0,0,0,0,True,True,False,False,False,False,P043,004,3,Table
0.0,0.0,0.0,0.0,0.0,False,False,False,False,0,0,0,0,True,True,False,False,False,False,P043,004,3,Table
0.0,0.0,0.0,0.0,0.0,False,False,False,False,0,0,0,0,True,True,False,False,False,False,P043,004,3,Table
0.0,0.0,0.0,0.0,0.0,False,False,False,False,0,0,0,0,True,True,False,False,False,False,P043,004,3,Table
0.0,0.0,0.0,0.0,0.0,False,False,False,False,0,0,0,0,True,True,False,False,False,False,P043,004,3,Table
